timestamp,x,y,z,phi,theta,psi,u,v,w,p,q,r,tau_X,tau_Y,tau_Z,tau_K,tau_M,tau_N,D_u,D_v,D_w,dist_u,dist_v,pwm_1,thrust_1,pwm_2,thrust_2,pwm_3,thrust_3,pwm_4,thrust_4,pwm_5,thrust_5,pwm_6,thrust_6,pwm_7,thrust_7,pwm_8,thrust_8
1790144878.44074,0.00000,0.00000,0.00000,-0.00279,0.00616,-2.00486,0.00000,0.00000,0.00000,-0.00003,0.00036,-0.00141,0.00000,0.00000,0.00000,0.00000,0.00000,0.00000,0.00000,0.00000,0.00000,0.00000,0.00000,1500.00000,0.00000,1500.00000,0.00000,1500.00000,0.00000,1500.00000,0.00000,1500.00000,0.00000,1500.00000,0.00000,1500.00000,0.00000,1500.00000,0.00000
1790144878.49700,0.00000,0.00000,0.00000,-0.00279,0.00616,-2.00486,0.00000,0.00000,0.00000,-0.00003,0.00036,-0.00141,0.00000,0.00000,0.00000,0.00000,0.00000,0.00000,0.00000,0.00000,0.00000,0.00000,0.00000,1500.00000,0.00000,1500.00000,0.00000,1500.00000,0.00000,1500.00000,0.00000,1500.00000,0.00000,1500.00000,0.00000,1500.00000,0.00000,1500.00000,0.00000
1790144878.54408,0.00000,0.00000,0.00000,-0.00276,0.00615,-2.00505,0.00000,0.00000,0.00000,0.00070,-0.00006,-0.00081,0.00000,0.00000,0.00000,0.00000,0.00000,0.00000,0.00000,0.00000,0.00000,0.00000,0.00000,1500.00000,0.00000,1500.00000,0.00000,1500.00000,0.00000,1500.00000,0.00000,1500.00000,0.00000,1500.00000,0.00000,1500.00000,0.00000,1500.00000,0.00000
1790144878.57882,0.00000,0.00000,0.00000,-0.00276,0.00615,-2.00505,0.00000,0.00000,0.00000,0.00070,-0.00006,-0.00081,0.00000,0.00000,0.00000,0.00000,0.00000,0.00000,0.00000,0.00000,0.00000,0.00000,0.00000,1500.00000,0.00000,1500.00000,0.00000,1500.00000,0.00000,1500.00000,0.00000,1500.00000,0.00000,1500.00000,0.00000,1500.00000,0.00000,1500.00000,0.00000
1790144878.60917,0.00000,0.00000,0.00000,-0.00276,0.00615,-2.00505,0.00000,0.00000,0.00000,0.00070,-0.00006,-0.00081,0.00000,0.00000,0.00000,0.00000,0.00000,0.00000,0.00000,0.00000,0.00000,0.00000,0.00000,1500.00000,0.00000,1500.00000,0.00000,1500.00000,0.00000,1500.00000,0.00000,1500.00000,0.00000,1500.00000,0.00000,1500.00000,0.00000,1500.00000,0.00000
1790144878.64811,0.00000,0.00000,0.00000,-0.00272,0.00613,-2.00524,0.00000,0.00000,0.00000,-0.00063,0.00008,-0.00119,0.00000,0.00000,0.00000,0.00000,0.00000,0.00000,0.00000,0.00000,0.00000,0.00000,0.00000,1500.00000,0.00000,1500.00000,0.00000,1500.00000,0.00000,1500.00000,0.00000,1500.00000,0.00000,1500.00000,0.00000,1500.00000,0.00000,1500.00000,0.00000
1790144878.67905,0.00000,0.00000,0.00000,-0.00272,0.00613,-2.00524,0.00000,0.00000,0.00000,-0.00063,0.00008,-0.00119,0.00000,0.00000,0.00000,0.00000,0.00000,0.00000,0.00000,0.00000,0.00000,0.00000,0.00000,1500.00000,0.00000,1500.00000,0.00000,1500.00000,0.00000,1500.00000,0.00000,1500.00000,0.00000,1500.00000,0.00000,1500.00000,0.00000,1500.00000,0.00000
1790144878.70921,0.00000,0.00000,0.00000,-0.00272,0.00613,-2.00524,0.00000,0.00000,0.00000,-0.00063,0.00008,-0.00119,0.00000,0.00000,0.00000,0.00000,0.00000,0.00000,0.00000,0.00000,0.00000,0.00000,0.00000,1500.00000,0.00000,1500.00000,0.00000,1500.00000,0.00000,1500.00000,0.00000,1500.00000,0.00000,1500.00000,0.00000,1500.00000,0.00000,1500.00000,0.00000
1790144878.74809,0.00000,0.00000,0.00000,-0.00272,0.00617,-2.00531,0.00000,0.00000,0.00000,0.00048,0.00069,-0.00014,0.00000,0.00000,0.00000,0.00000,0.00000,0.00000,0.00000,0.00000,0.00000,0.00000,0.00000,1500.00000,0.00000,1500.00000,0.00000,1500.00000,0.00000,1500.00000,0.00000,1500.00000,0.00000,1500.00000,0.00000,1500.00000,0.00000,1500.00000,0.00000
1790144878.77874,0.00000,0.00000,0.00000,-0.00272,0.00617,-2.00531,0.00000,0.00000,0.00000,0.00048,0.00069,-0.00014,0.00000,0.00000,0.00000,0.00000,0.00000,0.00000,0.00000,0.00000,0.00000,0.00000,0.00000,1500.00000,0.00000,1500.00000,0.00000,1500.00000,0.00000,1500.00000,0.00000,1500.00000,0.00000,1500.00000,0.00000,1500.00000,0.00000,1500.00000,0.00000
1790144878.81216,0.00000,0.00000,0.00000,-0.00272,0.00617,-2.00531,0.00000,0.00000,0.00000,0.00048,0.00069,-0.00014,0.00000,0.00000,0.00000,0.00000,0.00000,0.00000,0.00000,0.00000,0.00000,0.00000,0.00000,1500.00000,0.00000,1500.00000,0.00000,1500.00000,0.00000,1500.00000,0.00000,1500.00000,0.00000,1500.00000,0.00000,1500.00000,0.00000,1500.00000,0.00000
1790144878.84383,0.00000,0.00000,0.00000,-0.00271,0.00617,-2.00519,0.00000,0.00000,0.00000,-0.00000,-0.00034,-0.00099,0.00000,0.00000,0.00000,0.00000,0.00000,0.00000,0.00000,0.00000,0.00000,0.00000,0.00000,1500.00000,0.00000,1500.00000,0.00000,1500.00000,0.00000,1500.00000,0.00000,1500.00000,0.00000,1500.00000,0.00000,1500.00000,0.00000,1500.00000,0.00000
1790144878.87521,0.00000,0.00000,0.00000,-0.00271,0.00617,-2.00519,0.00000,0.00000,0.00000,-0.00000,-0.00034,-0.00099,0.00000,0.00000,0.00000,0.00000,0.00000,0.00000,0.00000,0.00000,0.00000,0.00000,0.00000,1500.00000,0.00000,1500.00000,0.00000,1500.00000,0.00000,1500.00000,0.00000,1500.00000,0.00000,1500.00000,0.00000,1500.00000,0.00000,1500.00000,0.00000
1790144878.90749,0.00000,0.00000,0.00000,-0.00271,0.00617,-2.00519,0.00000,0.00000,0.00000,-0.00000,-0.00034,-0.00099,0.00000,0.00000,0.00000,0.00000,0.00000,0.00000,0.00000,0.00000,0.00000,0.00000,0.00000,1500.00000,0.00000,1500.00000,0.00000,1500.00000,0.00000,1500.00000,0.00000,1500.00000,0.00000,1500.00000,0.00000,1500.00000,0.00000,1500.00000,0.00000
1790144878.94366,0.00000,0.00000,0.00000,-0.00274,0.00618,-2.00516,0.00000,0.00000,0.00000,-0.00067,-0.00001,-0.00077,0.00000,0.00000,0.00000,0.00000,0.00000,0.00000,0.00000,0.00000,0.00000,0.00000,0.00000,1500.00000,0.00000,1500.00000,0.00000,1500.00000,0.00000,1500.00000,0.00000,1500.00000,0.00000,1500.00000,0.00000,1500.00000,0.00000,1500.00000,0.00000
1790144878.97572,0.00000,0.00000,0.00000,-0.00274,0.00618,-2.00516,0.00000,0.00000,0.00000,-0.00067,-0.00001,-0.00077,0.00000,0.00000,0.00000,0.00000,0.00000,0.00000,0.00000,0.00000,0.00000,0.00000,0.00000,1500.00000,0.00000,1500.00000,0.00000,1500.00000,0.00000,1500.00000,0.00000,1500.00000,0.00000,1500.00000,0.00000,1500.00000,0.00000,1500.00000,0.00000
1790144879.00713,0.00000,0.00000,0.00000,-0.00274,0.00618,-2.00516,0.00000,0.00000,0.00000,-0.00067,-0.00001,-0.00077,0.00000,0.00000,0.00000,0.00000,0.00000,0.00000,0.00000,0.00000,0.00000,0.00000,0.00000,1500.00000,0.00000,1500.00000,0.00000,1500.00000,0.00000,1500.00000,0.00000,1500.00000,0.00000,1500.00000,0.00000,1500.00000,0.00000,1500.00000,0.00000
1790144879.04964,0.00000,0.00000,0.00000,-0.00275,0.00611,-2.00534,0.00000,0.00000,0.00000,0.00034,0.00048,-0.00041,0.00000,0.00000,0.00000,0.00000,0.00000,0.00000,0.00000,0.00000,0.00000,0.00000,0.00000,1500.00000,0.00000,1500.00000,0.00000,1500.00000,0.00000,1500.00000,0.00000,1500.00000,0.00000,1500.00000,0.00000,1500.00000,0.00000,1500.00000,0.00000
1790144879.08311,0.00000,0.00000,0.00000,-0.00275,0.00611,-2.00534,0.00000,0.00000,0.00000,0.00034,0.00048,-0.00041,0.00000,0.00000,0.00000,0.00000,0.00000,0.00000,0.00000,0.00000,0.00000,0.00000,0.00000,1500.00000,0.00000,1500.00000,0.00000,1500.00000,0.00000,1500.00000,0.00000,1500.00000,0.00000,1500.00000,0.00000,1500.00000,0.00000,1500.00000,0.00000
1790144879.11324,0.00000,0.00000,0.00000,-0.00275,0.00611,-2.00534,0.00000,0.00000,0.00000,0.00034,0.00048,-0.00041,0.00000,0.00000,0.00000,0.00000,0.00000,0.00000,0.00000,0.00000,0.00000,0.00000,0.00000,1500.00000,0.00000,1500.00000,0.00000,1500.00000,0.00000,1500.00000,0.00000,1500.00000,0.00000,1500.00000,0.00000,1500.00000,0.00000,1500.00000,0.00000
1790144879.14623,0.00000,0.00000,0.00000,-0.00273,0.00609,-2.00561,0.00000,0.00000,0.00000,-0.00006,-0.00089,-0.00136,0.00000,0.00000,0.00000,0.00000,0.00000,0.00000,0.00000,0.00000,0.00000,0.00000,0.00000,1500.00000,0.00000,1500.00000,0.00000,1500.00000,0.00000,1500.00000,0.00000,1500.00000,0.00000,1500.00000,0.00000,1500.00000,0.00000,1500.00000,0.00000
1790144879.17932,0.00000,0.00000,0.00000,-0.00273,0.00609,-2.00561,0.00000,0.00000,0.00000,-0.00006,-0.00089,-0.00136,0.00000,0.00000,0.00000,0.00000,0.00000,0.00000,0.00000,0.00000,0.00000,0.00000,0.00000,1500.00000,0.00000,1500.00000,0.00000,1500.00000,0.00000,1500.00000,0.00000,1500.00000,0.00000,1500.00000,0.00000,1500.00000,0.00000,1500.00000,0.00000
1790144879.21121,0.00000,0.00000,0.00000,-0.00273,0.00609,-2.00561,0.00000,0.00000,0.00000,-0.00006,-0.00089,-0.00136,0.00000,0.00000,0.00000,0.00000,0.00000,0.00000,0.00000,0.00000,0.00000,0.00000,0.00000,1500.00000,0.00000,1500.00000,0.00000,1500.00000,0.00000,1500.00000,0.00000,1500.00000,0.00000,1500.00000,0.00000,1500.00000,0.00000,1500.00000,0.00000
1790144879.24452,0.00000,0.00000,0.00000,-0.00272,0.00612,-2.00576,0.00000,0.00000,0.00000,-0.00027,0.00136,-0.00168,0.00000,0.00000,0.00000,0.00000,0.00000,0.00000,0.00000,0.00000,0.00000,0.00000,0.00000,1500.00000,0.00000,1500.00000,0.00000,1500.00000,0.00000,1500.00000,0.00000,1500.00000,0.00000,1500.00000,0.00000,1500.00000,0.00000,1500.00000,0.00000
1790144879.27761,0.00000,0.00000,0.00000,-0.00272,0.00612,-2.00576,0.00000,0.00000,0.00000,-0.00027,0.00136,-0.00168,0.00000,0.00000,0.00000,0.00000,0.00000,0.00000,0.00000,0.00000,0.00000,0.00000,0.00000,1500.00000,0.00000,1500.00000,0.00000,1500.00000,0.00000,1500.00000,0.00000,1500.00000,0.00000,1500.00000,0.00000,1500.00000,0.00000,1500.00000,0.00000
1790144879.31189,0.00000,0.00000,0.00000,-0.00272,0.00612,-2.00576,0.00000,0.00000,0.00000,-0.00027,0.00136,-0.00168,0.00000,0.00000,0.00000,0.00000,0.00000,0.00000,0.00000,0.00000,0.00000,0.00000,0.00000,1500.00000,0.00000,1500.00000,0.00000,1500.00000,0.00000,1500.00000,0.00000,1500.00000,0.00000,1500.00000,0.00000,1500.00000,0.00000,1500.00000,0.00000
1790144879.34367,0.00000,0.00000,0.00000,-0.00270,0.00613,-2.00584,0.00000,0.00000,0.00000,-0.00055,0.00180,-0.00095,0.00000,0.00000,0.00000,0.00000,0.00000,0.00000,0.00000,0.00000,0.00000,0.00000,0.00000,1500.00000,0.00000,1500.00000,0.00000,1500.00000,0.00000,1500.00000,0.00000,1500.00000,0.00000,1500.00000,0.00000,1500.00000,0.00000,1500.00000,0.00000
1790144879.37576,0.00000,0.00000,0.00000,-0.00270,0.00613,-2.00584,0.00000,0.00000,0.00000,-0.00055,0.00180,-0.00095,0.00000,0.00000,0.00000,0.00000,0.00000,0.00000,0.00000,0.00000,0.00000,0.00000,0.00000,1500.00000,0.00000,1500.00000,0.00000,1500.00000,0.00000,1500.00000,0.00000,1500.00000,0.00000,1500.00000,0.00000,1500.00000,0.00000,1500.00000,0.00000
1790144879.40640,0.00000,0.00000,0.00000,-0.00270,0.00613,-2.00584,0.00000,0.00000,0.00000,-0.00055,0.00180,-0.00095,0.00000,0.00000,0.00000,0.00000,0.00000,0.00000,0.00000,0.00000,0.00000,0.00000,0.00000,1500.00000,0.00000,1500.00000,0.00000,1500.00000,0.00000,1500.00000,0.00000,1500.00000,0.00000,1500.00000,0.00000,1500.00000,0.00000,1500.00000,0.00000
1790144879.44119,0.00000,0.00000,0.00000,-0.00269,0.00614,-2.00596,0.00000,0.00000,0.00000,-0.00044,0.00037,-0.00089,0.00000,0.00000,0.00000,0.00000,0.00000,0.00000,0.00000,0.00000,0.00000,0.00000,0.00000,1500.00000,0.00000,1500.00000,0.00000,1500.00000,0.00000,1500.00000,0.00000,1500.00000,0.00000,1500.00000,0.00000,1500.00000,0.00000,1500.00000,0.00000
1790144879.47631,0.00000,0.00000,0.00000,-0.00269,0.00614,-2.00596,0.00000,0.00000,0.00000,-0.00044,0.00037,-0.00089,0.00000,0.00000,0.00000,0.00000,0.00000,0.00000,0.00000,0.00000,0.00000,0.00000,0.00000,1500.00000,0.00000,1500.00000,0.00000,1500.00000,0.00000,1500.00000,0.00000,1500.00000,0.00000,1500.00000,0.00000,1500.00000,0.00000,1500.00000,0.00000
1790144879.50682,0.00000,0.00000,0.00000,-0.00269,0.00614,-2.00596,0.00000,0.00000,0.00000,-0.00044,0.00037,-0.00089,0.00000,0.00000,0.00000,0.00000,0.00000,0.00000,0.00000,0.00000,0.00000,0.00000,0.00000,1500.00000,0.00000,1500.00000,0.00000,1500.00000,0.00000,1500.00000,0.00000,1500.00000,0.00000,1500.00000,0.00000,1500.00000,0.00000,1500.00000,0.00000
1790144879.54753,0.00000,0.00000,0.00000,-0.00270,0.00615,-2.00620,0.00000,0.00000,0.00000,0.00074,-0.00016,-0.00138,0.00000,0.00000,0.00000,0.00000,0.00000,0.00000,0.00000,0.00000,0.00000,0.00000,0.00000,1500.00000,0.00000,1500.00000,0.00000,1500.00000,0.00000,1500.00000,0.00000,1500.00000,0.00000,1500.00000,0.00000,1500.00000,0.00000,1500.00000,0.00000
1790144879.57868,0.00000,0.00000,0.00000,-0.00270,0.00615,-2.00620,0.00000,0.00000,0.00000,0.00074,-0.00016,-0.00138,0.00000,0.00000,0.00000,0.00000,0.00000,0.00000,0.00000,0.00000,0.00000,0.00000,0.00000,1500.00000,0.00000,1500.00000,0.00000,1500.00000,0.00000,1500.00000,0.00000,1500.00000,0.00000,1500.00000,0.00000,1500.00000,0.00000,1500.00000,0.00000
1790144879.60870,0.00000,0.00000,0.00000,-0.00270,0.00615,-2.00620,0.00000,0.00000,0.00000,0.00074,-0.00016,-0.00138,0.00000,0.00000,0.00000,0.00000,0.00000,0.00000,0.00000,0.00000,0.00000,0.00000,0.00000,1500.00000,0.00000,1500.00000,0.00000,1500.00000,0.00000,1500.00000,0.00000,1500.00000,0.00000,1500.00000,0.00000,1500.00000,0.00000,1500.00000,0.00000
1790144879.64451,0.00000,0.00000,0.00000,-0.00266,0.00611,-2.00631,0.00000,0.00000,0.00000,0.00118,-0.00149,-0.00104,0.00000,0.00000,0.00000,0.00000,0.00000,0.00000,0.00000,0.00000,0.00000,0.00000,0.00000,1500.00000,0.00000,1500.00000,0.00000,1500.00000,0.00000,1500.00000,0.00000,1500.00000,0.00000,1500.00000,0.00000,1500.00000,0.00000,1500.00000,0.00000
1790144879.67565,0.00000,0.00000,0.00000,-0.00266,0.00611,-2.00631,0.00000,0.00000,0.00000,0.00118,-0.00149,-0.00104,0.00000,0.00000,0.00000,0.00000,0.00000,0.00000,0.00000,0.00000,0.00000,0.00000,0.00000,1500.00000,0.00000,1500.00000,0.00000,1500.00000,0.00000,1500.00000,0.00000,1500.00000,0.00000,1500.00000,0.00000,1500.00000,0.00000,1500.00000,0.00000
1790144879.70590,0.00000,0.00000,0.00000,-0.00266,0.00611,-2.00631,0.00000,0.00000,0.00000,0.00118,-0.00149,-0.00104,0.00000,0.00000,0.00000,0.00000,0.00000,0.00000,0.00000,0.00000,0.00000,0.00000,0.00000,1500.00000,0.00000,1500.00000,0.00000,1500.00000,0.00000,1500.00000,0.00000,1500.00000,0.00000,1500.00000,0.00000,1500.00000,0.00000,1500.00000,0.00000
1790144879.73887,0.00000,0.00000,0.00000,-0.00267,0.00609,-2.00628,0.00000,0.00000,0.00000,-0.00038,-0.00073,-0.00152,0.00000,0.00000,0.00000,0.00000,0.00000,0.00000,0.00000,0.00000,0.00000,0.00000,0.00000,1500.00000,0.00000,1500.00000,0.00000,1500.00000,0.00000,1500.00000,0.00000,1500.00000,0.00000,1500.00000,0.00000,1500.00000,0.00000,1500.00000,0.00000
1790144879.77090,0.00000,0.00000,0.00000,-0.00267,0.00609,-2.00628,0.00000,0.00000,0.00000,-0.00038,-0.00073,-0.00152,0.00000,0.00000,0.00000,0.00000,0.00000,0.00000,0.00000,0.00000,0.00000,0.00000,0.00000,1500.00000,0.00000,1500.00000,0.00000,1500.00000,0.00000,1500.00000,0.00000,1500.00000,0.00000,1500.00000,0.00000,1500.00000,0.00000,1500.00000,0.00000
1790144879.80331,0.00000,0.00000,0.00000,-0.00267,0.00609,-2.00628,0.00000,0.00000,0.00000,-0.00038,-0.00073,-0.00152,0.00000,0.00000,0.00000,0.00000,0.00000,0.00000,0.00000,0.00000,0.00000,0.00000,0.00000,1500.00000,0.00000,1500.00000,0.00000,1500.00000,0.00000,1500.00000,0.00000,1500.00000,0.00000,1500.00000,0.00000,1500.00000,0.00000,1500.00000,0.00000
1790144879.84174,0.00000,0.00000,0.00000,-0.00264,0.00606,-2.00627,0.00000,0.00000,0.00000,-0.00004,-0.00083,-0.00041,0.00000,0.00000,0.00000,0.00000,0.00000,0.00000,0.00000,0.00000,0.00000,0.00000,0.00000,1500.00000,0.00000,1500.00000,0.00000,1500.00000,0.00000,1500.00000,0.00000,1500.00000,0.00000,1500.00000,0.00000,1500.00000,0.00000,1500.00000,0.00000
1790144879.87657,0.00000,0.00000,0.00000,-0.00264,0.00606,-2.00627,0.00000,0.00000,0.00000,-0.00004,-0.00083,-0.00041,0.00000,0.00000,0.00000,0.00000,0.00000,0.00000,0.00000,0.00000,0.00000,0.00000,0.00000,1500.00000,0.00000,1500.00000,0.00000,1500.00000,0.00000,1500.00000,0.00000,1500.00000,0.00000,1500.00000,0.00000,1500.00000,0.00000,1500.00000,0.00000
1790144879.90760,0.00000,0.00000,0.00000,-0.00264,0.00606,-2.00627,0.00000,0.00000,0.00000,-0.00004,-0.00083,-0.00041,0.00000,0.00000,0.00000,0.00000,0.00000,0.00000,0.00000,0.00000,0.00000,0.00000,0.00000,1500.00000,0.00000,1500.00000,0.00000,1500.00000,0.00000,1500.00000,0.00000,1500.00000,0.00000,1500.00000,0.00000,1500.00000,0.00000,1500.00000,0.00000
1790144879.94583,0.00000,0.00000,0.00000,-0.00263,0.00607,-2.00631,0.00000,0.00000,0.00000,-0.00021,0.00056,-0.00101,0.00000,0.00000,0.00000,0.00000,0.00000,0.00000,0.00000,0.00000,0.00000,0.00000,0.00000,1500.00000,0.00000,1500.00000,0.00000,1500.00000,0.00000,1500.00000,0.00000,1500.00000,0.00000,1500.00000,0.00000,1500.00000,0.00000,1500.00000,0.00000
1790144879.97746,0.00000,0.00000,0.00000,-0.00263,0.00607,-2.00631,0.00000,0.00000,0.00000,-0.00021,0.00056,-0.00101,0.00000,0.00000,0.00000,0.00000,0.00000,0.00000,0.00000,0.00000,0.00000,0.00000,0.00000,1500.00000,0.00000,1500.00000,0.00000,1500.00000,0.00000,1500.00000,0.00000,1500.00000,0.00000,1500.00000,0.00000,1500.00000,0.00000,1500.00000,0.00000
1790144880.00790,0.00000,0.00000,0.00000,-0.00263,0.00607,-2.00631,0.00000,0.00000,0.00000,-0.00021,0.00056,-0.00101,0.00000,0.00000,0.00000,0.00000,0.00000,0.00000,0.00000,0.00000,0.00000,0.00000,0.00000,1500.00000,0.00000,1500.00000,0.00000,1500.00000,0.00000,1500.00000,0.00000,1500.00000,0.00000,1500.00000,0.00000,1500.00000,0.00000,1500.00000,0.00000
1790144880.04025,0.00000,0.00000,0.00000,-0.00261,0.00610,-2.00644,0.00000,0.00000,0.00000,-0.00051,0.00064,-0.00078,0.00000,0.00000,0.00000,0.00000,0.00000,0.00000,0.00000,0.00000,0.00000,0.00000,0.00000,1500.00000,0.00000,1500.00000,0.00000,1500.00000,0.00000,1500.00000,0.00000,1500.00000,0.00000,1500.00000,0.00000,1500.00000,0.00000,1500.00000,0.00000
1790144880.07973,0.00000,0.00000,0.00000,-0.00261,0.00610,-2.00644,0.00000,0.00000,0.00000,-0.00051,0.00064,-0.00078,0.00000,0.00000,0.00000,0.00000,0.00000,0.00000,0.00000,0.00000,0.00000,0.00000,0.00000,1500.00000,0.00000,1500.00000,0.00000,1500.00000,0.00000,1500.00000,0.00000,1500.00000,0.00000,1500.00000,0.00000,1500.00000,0.00000,1500.00000,0.00000
1790144880.11082,0.00000,0.00000,0.00000,-0.00261,0.00610,-2.00644,0.00000,0.00000,0.00000,-0.00051,0.00064,-0.00078,0.00000,0.00000,0.00000,0.00000,0.00000,0.00000,0.00000,0.00000,0.00000,0.00000,0.00000,1500.00000,0.00000,1500.00000,0.00000,1500.00000,0.00000,1500.00000,0.00000,1500.00000,0.00000,1500.00000,0.00000,1500.00000,0.00000,1500.00000,0.00000
1790144880.15057,0.00000,0.00000,0.00000,-0.00260,0.00612,-2.00630,0.00000,0.00000,0.00000,0.00038,0.00059,-0.00031,0.00000,0.00000,0.00000,0.00000,0.00000,0.00000,0.00000,0.00000,0.00000,0.00000,0.00000,1500.00000,0.00000,1500.00000,0.00000,1500.00000,0.00000,1500.00000,0.00000,1500.00000,0.00000,1500.00000,0.00000,1500.00000,0.00000,1500.00000,0.00000
1790144880.18298,0.00000,0.00000,0.00000,-0.00260,0.00612,-2.00630,0.00000,0.00000,0.00000,0.00038,0.00059,-0.00031,0.00000,0.00000,0.00000,0.00000,0.00000,0.00000,0.00000,0.00000,0.00000,0.00000,0.00000,1500.00000,0.00000,1500.00000,0.00000,1500.00000,0.00000,1500.00000,0.00000,1500.00000,0.00000,1500.00000,0.00000,1500.00000,0.00000,1500.00000,0.00000
1790144880.21489,0.00000,0.00000,0.00000,-0.00260,0.00612,-2.00630,0.00000,0.00000,0.00000,0.00038,0.00059,-0.00031,0.00000,0.00000,0.00000,0.00000,0.00000,0.00000,0.00000,0.00000,0.00000,0.00000,0.00000,1500.00000,0.00000,1500.00000,0.00000,1500.00000,0.00000,1500.00000,0.00000,1500.00000,0.00000,1500.00000,0.00000,1500.00000,0.00000,1500.00000,0.00000
1790144880.24670,0.00000,0.00000,0.00000,-0.00255,0.00610,-2.00635,0.00000,0.00000,0.00000,0.00080,-0.00013,-0.00039,0.00000,0.00000,0.00000,0.00000,0.00000,0.00000,0.00000,0.00000,0.00000,0.00000,0.00000,1500.00000,0.00000,1500.00000,0.00000,1500.00000,0.00000,1500.00000,0.00000,1500.00000,0.00000,1500.00000,0.00000,1500.00000,0.00000,1500.00000,0.00000
1790144880.28097,0.00000,0.00000,0.00000,-0.00255,0.00610,-2.00635,0.00000,0.00000,0.00000,0.00080,-0.00013,-0.00039,0.00000,0.00000,0.00000,0.00000,0.00000,0.00000,0.00000,0.00000,0.00000,0.00000,0.00000,1500.00000,0.00000,1500.00000,0.00000,1500.00000,0.00000,1500.00000,0.00000,1500.00000,0.00000,1500.00000,0.00000,1500.00000,0.00000,1500.00000,0.00000
1790144880.31187,0.00000,0.00000,0.00000,-0.00255,0.00610,-2.00635,0.00000,0.00000,0.00000,0.00080,-0.00013,-0.00039,0.00000,0.00000,0.00000,0.00000,0.00000,0.00000,0.00000,0.00000,0.00000,0.00000,0.00000,1500.00000,0.00000,1500.00000,0.00000,1500.00000,0.00000,1500.00000,0.00000,1500.00000,0.00000,1500.00000,0.00000,1500.00000,0.00000,1500.00000,0.00000
1790144880.34541,0.00000,0.00000,0.00000,-0.00247,0.00605,-2.00662,0.00000,0.00000,0.00000,0.00063,0.00005,-0.00188,0.00000,0.00000,0.00000,0.00000,0.00000,0.00000,0.00000,0.00000,0.00000,0.00000,0.00000,1500.00000,0.00000,1500.00000,0.00000,1500.00000,0.00000,1500.00000,0.00000,1500.00000,0.00000,1500.00000,0.00000,1500.00000,0.00000,1500.00000,0.00000
1790144880.38570,0.00000,0.00000,0.00000,-0.00247,0.00605,-2.00662,0.00000,0.00000,0.00000,0.00063,0.00005,-0.00188,0.00000,0.00000,0.00000,0.00000,0.00000,0.00000,0.00000,0.00000,0.00000,0.00000,0.00000,1500.00000,0.00000,1500.00000,0.00000,1500.00000,0.00000,1500.00000,0.00000,1500.00000,0.00000,1500.00000,0.00000,1500.00000,0.00000,1500.00000,0.00000
1790144880.41803,0.00000,0.00000,0.00000,-0.00247,0.00605,-2.00662,0.00000,0.00000,0.00000,0.00063,0.00005,-0.00188,0.00000,0.00000,0.00000,0.00000,0.00000,0.00000,0.00000,0.00000,0.00000,0.00000,0.00000,1500.00000,0.00000,1500.00000,0.00000,1500.00000,0.00000,1500.00000,0.00000,1500.00000,0.00000,1500.00000,0.00000,1500.00000,0.00000,1500.00000,0.00000
1790144880.45011,0.00000,0.00000,0.00000,-0.00243,0.00605,-2.00698,0.00000,0.00000,0.00000,-0.00000,0.00006,-0.00094,0.00000,0.00000,0.00000,0.00000,0.00000,0.00000,0.00000,0.00000,0.00000,0.00000,0.00000,1500.00000,0.00000,1500.00000,0.00000,1500.00000,0.00000,1500.00000,0.00000,1500.00000,0.00000,1500.00000,0.00000,1500.00000,0.00000,1500.00000,0.00000
1790144880.47959,0.00000,0.00000,0.00000,-0.00243,0.00605,-2.00698,0.00000,0.00000,0.00000,-0.00000,0.00006,-0.00094,0.00000,0.00000,0.00000,0.00000,0.00000,0.00000,0.00000,0.00000,0.00000,0.00000,0.00000,1500.00000,0.00000,1500.00000,0.00000,1500.00000,0.00000,1500.00000,0.00000,1500.00000,0.00000,1500.00000,0.00000,1500.00000,0.00000,1500.00000,0.00000
1790144880.51097,0.00000,0.00000,0.00000,-0.00243,0.00605,-2.00698,0.00000,0.00000,0.00000,-0.00000,0.00006,-0.00094,0.00000,0.00000,0.00000,0.00000,0.00000,0.00000,0.00000,0.00000,0.00000,0.00000,0.00000,1500.00000,0.00000,1500.00000,0.00000,1500.00000,0.00000,1500.00000,0.00000,1500.00000,0.00000,1500.00000,0.00000,1500.00000,0.00000,1500.00000,0.00000
1790144880.54511,0.00000,0.00000,0.00000,-0.00243,0.00604,-2.00706,0.00000,0.00000,0.00000,0.00043,-0.00022,-0.00089,0.00000,0.00000,0.00000,0.00000,0.00000,0.00000,0.00000,0.00000,0.00000,0.00000,0.00000,1500.00000,0.00000,1500.00000,0.00000,1500.00000,0.00000,1500.00000,0.00000,1500.00000,0.00000,1500.00000,0.00000,1500.00000,0.00000,1500.00000,0.00000
1790144880.57787,0.00000,0.00000,0.00000,-0.00243,0.00604,-2.00706,0.00000,0.00000,0.00000,0.00043,-0.00022,-0.00089,0.00000,0.00000,0.00000,0.00000,0.00000,0.00000,0.00000,0.00000,0.00000,0.00000,0.00000,1500.00000,0.00000,1500.00000,0.00000,1500.00000,0.00000,1500.00000,0.00000,1500.00000,0.00000,1500.00000,0.00000,1500.00000,0.00000,1500.00000,0.00000
1790144880.61025,0.00000,0.00000,0.00000,-0.00243,0.00604,-2.00706,0.00000,0.00000,0.00000,0.00043,-0.00022,-0.00089,0.00000,0.00000,0.00000,0.00000,0.00000,0.00000,0.00000,0.00000,0.00000,0.00000,0.00000,1500.00000,0.00000,1500.00000,0.00000,1500.00000,0.00000,1500.00000,0.00000,1500.00000,0.00000,1500.00000,0.00000,1500.00000,0.00000,1500.00000,0.00000
1790144880.64367,0.00000,0.00000,0.00000,-0.00245,0.00605,-2.00688,0.00000,0.00000,0.00000,-0.00073,-0.00006,-0.00063,0.00000,0.00000,0.00000,0.00000,0.00000,0.00000,0.00000,0.00000,0.00000,0.00000,0.00000,1500.00000,0.00000,1500.00000,0.00000,1500.00000,0.00000,1500.00000,0.00000,1500.00000,0.00000,1500.00000,0.00000,1500.00000,0.00000,1500.00000,0.00000
1790144880.68086,0.00000,0.00000,0.00000,-0.00245,0.00605,-2.00688,0.00000,0.00000,0.00000,-0.00073,-0.00006,-0.00063,0.00000,0.00000,0.00000,0.00000,0.00000,0.00000,0.00000,0.00000,0.00000,0.00000,0.00000,1500.00000,0.00000,1500.00000,0.00000,1500.00000,0.00000,1500.00000,0.00000,1500.00000,0.00000,1500.00000,0.00000,1500.00000,0.00000,1500.00000,0.00000
1790144880.71391,0.00000,0.00000,0.00000,-0.00245,0.00605,-2.00688,0.00000,0.00000,0.00000,-0.00073,-0.00006,-0.00063,0.00000,0.00000,0.00000,0.00000,0.00000,0.00000,0.00000,0.00000,0.00000,0.00000,0.00000,1500.00000,0.00000,1500.00000,0.00000,1500.00000,0.00000,1500.00000,0.00000,1500.00000,0.00000,1500.00000,0.00000,1500.00000,0.00000,1500.00000,0.00000
1790144880.74753,0.00000,0.00000,0.00000,-0.00246,0.00604,-2.00679,0.00000,0.00000,0.00000,0.00039,0.00050,-0.00108,0.00000,0.00000,0.00000,0.00000,0.00000,0.00000,0.00000,0.00000,0.00000,0.00000,0.00000,1500.00000,0.00000,1500.00000,0.00000,1500.00000,0.00000,1500.00000,0.00000,1500.00000,0.00000,1500.00000,0.00000,1500.00000,0.00000,1500.00000,0.00000
1790144880.77896,0.00000,0.00000,0.00000,-0.00246,0.00604,-2.00679,0.00000,0.00000,0.00000,0.00039,0.00050,-0.00108,0.00000,0.00000,0.00000,0.00000,0.00000,0.00000,0.00000,0.00000,0.00000,0.00000,0.00000,1500.00000,0.00000,1500.00000,0.00000,1500.00000,0.00000,1500.00000,0.00000,1500.00000,0.00000,1500.00000,0.00000,1500.00000,0.00000,1500.00000,0.00000
1790144880.81256,0.00000,0.00000,0.00000,-0.00246,0.00604,-2.00679,0.00000,0.00000,0.00000,0.00039,0.00050,-0.00108,0.00000,0.00000,0.00000,0.00000,0.00000,0.00000,0.00000,0.00000,0.00000,0.00000,0.00000,1500.00000,0.00000,1500.00000,0.00000,1500.00000,0.00000,1500.00000,0.00000,1500.00000,0.00000,1500.00000,0.00000,1500.00000,0.00000,1500.00000,0.00000
1790144880.84509,0.00000,0.00000,0.00000,-0.00243,0.00604,-2.00689,0.00000,0.00000,0.00000,0.00006,-0.00049,-0.00116,0.00000,0.00000,0.00000,0.00000,0.00000,0.00000,0.00000,0.00000,0.00000,0.00000,0.00000,1500.00000,0.00000,1500.00000,0.00000,1500.00000,0.00000,1500.00000,0.00000,1500.00000,0.00000,1500.00000,0.00000,1500.00000,0.00000,1500.00000,0.00000
1790144880.87811,0.00000,0.00000,0.00000,-0.00243,0.00604,-2.00689,0.00000,0.00000,0.00000,0.00006,-0.00049,-0.00116,0.00000,0.00000,0.00000,0.00000,0.00000,0.00000,0.00000,0.00000,0.00000,0.00000,0.00000,1500.00000,0.00000,1500.00000,0.00000,1500.00000,0.00000,1500.00000,0.00000,1500.00000,0.00000,1500.00000,0.00000,1500.00000,0.00000,1500.00000,0.00000
1790144880.91251,0.00000,0.00000,0.00000,-0.00243,0.00604,-2.00689,0.00000,0.00000,0.00000,0.00006,-0.00049,-0.00116,0.00000,0.00000,0.00000,0.00000,0.00000,0.00000,0.00000,0.00000,0.00000,0.00000,0.00000,1500.00000,0.00000,1500.00000,0.00000,1500.00000,0.00000,1500.00000,0.00000,1500.00000,0.00000,1500.00000,0.00000,1500.00000,0.00000,1500.00000,0.00000
1790144880.94874,0.00000,0.00000,0.00000,-0.00242,0.00605,-2.00699,0.00000,0.00000,0.00000,-0.00004,0.00003,-0.00157,0.00000,0.00000,0.00000,0.00000,0.00000,0.00000,0.00000,0.00000,0.00000,0.00000,0.00000,1500.00000,0.00000,1500.00000,0.00000,1500.00000,0.00000,1500.00000,0.00000,1500.00000,0.00000,1500.00000,0.00000,1500.00000,0.00000,1500.00000,0.00000
1790144880.98151,0.00000,0.00000,0.00000,-0.00242,0.00605,-2.00699,0.00000,0.00000,0.00000,-0.00004,0.00003,-0.00157,0.00000,0.00000,0.00000,0.00000,0.00000,0.00000,0.00000,0.00000,0.00000,0.00000,0.00000,1500.00000,0.00000,1500.00000,0.00000,1500.00000,0.00000,1500.00000,0.00000,1500.00000,0.00000,1500.00000,0.00000,1500.00000,0.00000,1500.00000,0.00000
1790144881.01293,0.00000,0.00000,0.00000,-0.00242,0.00605,-2.00699,0.00000,0.00000,0.00000,-0.00004,0.00003,-0.00157,0.00000,0.00000,0.00000,0.00000,0.00000,0.00000,0.00000,0.00000,0.00000,0.00000,0.00000,1500.00000,0.00000,1500.00000,0.00000,1500.00000,0.00000,1500.00000,0.00000,1500.00000,0.00000,1500.00000,0.00000,1500.00000,0.00000,1500.00000,0.00000
1790144881.04579,0.00000,0.00000,0.00000,-0.00241,0.00604,-2.00693,0.00000,0.00000,0.00000,-0.00012,0.00056,-0.00159,0.00000,0.00000,0.00000,0.00000,0.00000,0.00000,0.00000,0.00000,0.00000,0.00000,0.00000,1500.00000,0.00000,1500.00000,0.00000,1500.00000,0.00000,1500.00000,0.00000,1500.00000,0.00000,1500.00000,0.00000,1500.00000,0.00000,1500.00000,0.00000
1790144881.07838,0.00000,0.00000,0.00000,-0.00241,0.00604,-2.00693,0.00000,0.00000,0.00000,-0.00012,0.00056,-0.00159,0.00000,0.00000,0.00000,0.00000,0.00000,0.00000,0.00000,0.00000,0.00000,0.00000,0.00000,1500.00000,0.00000,1500.00000,0.00000,1500.00000,0.00000,1500.00000,0.00000,1500.00000,0.00000,1500.00000,0.00000,1500.00000,0.00000,1500.00000,0.00000
1790144881.11293,0.00000,0.00000,0.00000,-0.00241,0.00604,-2.00693,0.00000,0.00000,0.00000,-0.00012,0.00056,-0.00159,0.00000,0.00000,0.00000,0.00000,0.00000,0.00000,0.00000,0.00000,0.00000,0.00000,0.00000,1500.00000,0.00000,1500.00000,0.00000,1500.00000,0.00000,1500.00000,0.00000,1500.00000,0.00000,1500.00000,0.00000,1500.00000,0.00000,1500.00000,0.00000
1790144881.14640,0.00000,0.00000,0.00000,-0.00239,0.00603,-2.00696,0.00000,0.00000,0.00000,0.00063,0.00026,-0.00128,0.00000,0.00000,0.00000,0.00000,0.00000,0.00000,0.00000,0.00000,0.00000,0.00000,0.00000,1500.00000,0.00000,1500.00000,0.00000,1500.00000,0.00000,1500.00000,0.00000,1500.00000,0.00000,1500.00000,0.00000,1500.00000,0.00000,1500.00000,0.00000
1790144881.17831,0.00000,0.00000,0.00000,-0.00239,0.00603,-2.00696,0.00000,0.00000,0.00000,0.00063,0.00026,-0.00128,0.00000,0.00000,0.00000,0.00000,0.00000,0.00000,0.00000,0.00000,0.00000,0.00000,0.00000,1500.00000,0.00000,1500.00000,0.00000,1500.00000,0.00000,1500.00000,0.00000,1500.00000,0.00000,1500.00000,0.00000,1500.00000,0.00000,1500.00000,0.00000
1790144881.21066,0.00000,0.00000,0.00000,-0.00239,0.00603,-2.00696,0.00000,0.00000,0.00000,0.00063,0.00026,-0.00128,0.00000,0.00000,0.00000,0.00000,0.00000,0.00000,0.00000,0.00000,0.00000,0.00000,0.00000,1500.00000,0.00000,1500.00000,0.00000,1500.00000,0.00000,1500.00000,0.00000,1500.00000,0.00000,1500.00000,0.00000,1500.00000,0.00000,1500.00000,0.00000
1790144881.24464,0.00000,0.00000,0.00000,-0.00238,0.00598,-2.00705,0.00000,0.00000,0.00000,0.00044,-0.00082,-0.00068,0.00000,0.00000,0.00000,0.00000,0.00000,0.00000,0.00000,0.00000,0.00000,0.00000,0.00000,1500.00000,0.00000,1500.00000,0.00000,1500.00000,0.00000,1500.00000,0.00000,1500.00000,0.00000,1500.00000,0.00000,1500.00000,0.00000,1500.00000,0.00000
1790144881.27810,0.00000,0.00000,0.00000,-0.00238,0.00598,-2.00705,0.00000,0.00000,0.00000,0.00044,-0.00082,-0.00068,0.00000,0.00000,0.00000,0.00000,0.00000,0.00000,0.00000,0.00000,0.00000,0.00000,0.00000,1500.00000,0.00000,1500.00000,0.00000,1500.00000,0.00000,1500.00000,0.00000,1500.00000,0.00000,1500.00000,0.00000,1500.00000,0.00000,1500.00000,0.00000
1790144881.31063,0.00000,0.00000,0.00000,-0.00238,0.00598,-2.00705,0.00000,0.00000,0.00000,0.00044,-0.00082,-0.00068,0.00000,0.00000,0.00000,0.00000,0.00000,0.00000,0.00000,0.00000,0.00000,0.00000,0.00000,1500.00000,0.00000,1500.00000,0.00000,1500.00000,0.00000,1500.00000,0.00000,1500.00000,0.00000,1500.00000,0.00000,1500.00000,0.00000,1500.00000,0.00000
1790144881.34596,0.00000,0.00000,0.00000,-0.00238,0.00594,-2.00722,0.00000,0.00000,0.00000,-0.00018,-0.00029,-0.00071,0.00000,0.00000,0.00000,0.00000,0.00000,0.00000,0.00000,0.00000,0.00000,0.00000,0.00000,1500.00000,0.00000,1500.00000,0.00000,1500.00000,0.00000,1500.00000,0.00000,1500.00000,0.00000,1500.00000,0.00000,1500.00000,0.00000,1500.00000,0.00000
1790144881.37813,0.00000,0.00000,0.00000,-0.00238,0.00594,-2.00722,0.00000,0.00000,0.00000,-0.00018,-0.00029,-0.00071,0.00000,0.00000,0.00000,0.00000,0.00000,0.00000,0.00000,0.00000,0.00000,0.00000,0.00000,1500.00000,0.00000,1500.00000,0.00000,1500.00000,0.00000,1500.00000,0.00000,1500.00000,0.00000,1500.00000,0.00000,1500.00000,0.00000,1500.00000,0.00000
1790144881.41383,0.00000,0.00000,0.00000,-0.00238,0.00594,-2.00722,0.00000,0.00000,0.00000,-0.00018,-0.00029,-0.00071,0.00000,0.00000,0.00000,0.00000,0.00000,0.00000,0.00000,0.00000,0.00000,0.00000,0.00000,1500.00000,0.00000,1500.00000,0.00000,1500.00000,0.00000,1500.00000,0.00000,1500.00000,0.00000,1500.00000,0.00000,1500.00000,0.00000,1500.00000,0.00000
